{
  "homeInfo": {
    "title": "首页",
    "href": "test"
  },
  "logoInfo": {
    "title": "",
    "image": "/static/images/zjulogo.png",
    "href": "/index"
  },
  "menuInfo": [
     {
      "title": "常规管理",
      "icon": "fa fa-address-book",
      "href": "",
      "target": "_self",
      "child": [
        {
          "title": "数据处理模块",
          "href": "",
          "icon": "fa fa-gear",
          "target": "_self",
          "child": [
            {
              "title": "数据批量上传",
              "href": "/data_upload",
              "icon": "fa fa-tachometer",
              "target": "_self"
            },
            {
              "title": "数据预处理",
              "href": "/data_process",
              "icon": "fa fa-tachometer",
              "target": "_self"
            },
            {
              "title": "数据下载",
              "href": "/data_download_admin",
              "icon": "fa fa-tachometer",
              "target": "_self"
            }
          ]
        },
        {
          "title": "功能调整模块",
          "href": "",
          "icon": "fa fa-gear",
          "target": "_self",
          "child": [
            {
              "title": "模型参数调整",
              "href": "/model_update",
              "icon": "fa fa-tachometer",
              "target": "_self"
            },
            {
              "title": "数据预处理方法更新",
              "href": "/process_method",
              "icon": "fa fa-tachometer",
              "target": "_self"
            },
             {
              "title": "模型上传（暂不实现）",
              "href": "/model_upload",
              "icon": "fa fa-tachometer",
              "target": "_self"
            }
          ]
        },
        {
          "title": "数据分析模块",
          "href": "",
          "icon": "fa fa-window-maximize",
          "target": "_self",
          "child": [
            {
              "title": "企业指标分析",
              "href": "/ent_analyse",
              "icon": "fa fa-tachometer",
              "target": "_self"
            },
            {
              "title": "发展建议生成",
              "href": "/advice_generate",
              "icon": "fa fa-tachometer",
              "target": "_self"
            },
            {
              "title": "企业合作推荐",
              "href": "co_recommand",
              "icon": "fa fa-tachometer",
              "target": "_self"
            },
            {
              "title": "关键因素归因",
              "href": "/key_get",
              "icon": "fa fa-tachometer",
              "target": "_self"
            },
            {
              "title": "分析报告下载",
              "href": "/result_export",
              "icon": "fa fa-tachometer",
              "target": "_self"
            },
            {
              "title": "分析评论查看",
              "href": "/remark_check",
              "icon": "fa fa-tachometer",
              "target": "_self"
            }
          ]
        },
        {
          "title": "用户管理模块",
          "href": "",
          "icon": "fa fa-window-maximize",
          "target": "_self",
          "child": [
            {
              "title": "用户信息管理",
              "href": "/user_manage",
              "icon": "fa fa-tachometer",
              "target": "_self"
            }
          ]
        }
      ]
    }
  ]
}