{
  "homeInfo": {
    "title": "首页",
    "href": "test"
  },
  "logoInfo": {
    "title": "",
    "image": "/static/images/zjulogo.png",
    "href": "/index"
  },
  "menuInfo": [
    {
      "title": "常规管理",
      "icon": "fa fa-address-book",
      "href": "",
      "target": "_self",
      "child": [
        {
          "title": "数据处理模块",
          "href": "",
          "icon": "fa fa-gear",
          "target": "_self",
          "child": [
            {
              "title": "数据选择",
              "href": "/data_select",
              "icon": "fa fa-tachometer",
              "target": "_self"
            },
            {
              "title": "数据下载",
              "href": "/data_download",
              "icon": "fa fa-tachometer",
              "target": "_self"
            }
          ]
        },
        {
          "title": "数据分析模块",
          "href": "",
          "icon": "fa fa-window-maximize",
          "target": "_self",
          "child": [
            {
              "title": "企业指标分析",
              "href": "/ent_analyse",
              "icon": "fa fa-tachometer",
              "target": "_self"
            },
            {
              "title": "关键因素归因",
              "href": "/key_get",
              "icon": "fa fa-tachometer",
              "target": "_self"
            },
            {
              "title": "企业合作推荐",
              "href": "co_recommand",
              "icon": "fa fa-tachometer",
              "target": "_self"
            },
            {
              "title": "分析报告下载",
              "href": "/result_export",
              "icon": "fa fa-tachometer",
              "target": "_self"
            },
            {
              "title": "分析评论上传",
              "href": "/remark_upload",
              "icon": "fa fa-tachometer",
              "target": "_self"
            }
          ]
        },
        {
          "title": "个人中心模块",
          "href": "",
          "icon": "fa fa-window-maximize",
          "target": "_self",
          "child": [
            {
              "title": "查看分析记录",
              "href": "/history",
              "icon": "fa fa-tachometer",
              "target": "_self"
            },
            {
              "title": "个人信息管理",
              "href": "/personal_infor",
              "icon": "fa fa-tachometer",
              "target": "_self"
            }
          ]
        }
      ]
    }
  ]
}